-- phpMyAdmin SQL Dump
-- version 4.9.0.1
-- https://www.phpmyadmin.net/
--
-- Host: localhost
-- Generation Time: Sep 23, 2019 at 09:48 AM
-- Server version: 10.4.6-MariaDB
-- PHP Version: 7.3.9

SET SQL_MODE = "NO_AUTO_VALUE_ON_ZERO";
SET AUTOCOMMIT = 0;
START TRANSACTION;
SET time_zone = "+00:00";


/*!40101 SET @OLD_CHARACTER_SET_CLIENT=@@CHARACTER_SET_CLIENT */;
/*!40101 SET @OLD_CHARACTER_SET_RESULTS=@@CHARACTER_SET_RESULTS */;
/*!40101 SET @OLD_COLLATION_CONNECTION=@@COLLATION_CONNECTION */;
/*!40101 SET NAMES utf8mb4 */;

--
-- Database: `ci_barang`
--

-- --------------------------------------------------------

--
-- Table structure for table `barang`
--

CREATE TABLE `barang` (
  `id_barang` char(7) NOT NULL,
  `nama_barang` varchar(255) NOT NULL,
  `stok` int(11) NOT NULL,
  `satuan_id` int(11) NOT NULL,
  `jenis_id` int(11) NOT NULL
) ENGINE=InnoDB DEFAULT CHARSET=utf8;

--
-- Dumping data for table `barang`
--

INSERT INTO `barang` (`id_barang`, `nama_barang`, `stok`, `satuan_id`, `jenis_id`) VALUES
('B000001', 'Lenovo Ideapad 1550', 15, 1, 3),
('B000002', 'Samsung Galaxy J1 Ace', 50, 1, 4),
('B000003', 'Aqua 1,5 Liter', 700, 3, 2),
('B000004', 'Mouse Wireless Logitech M220', 20, 1, 7);

-- --------------------------------------------------------

--
-- Table structure for table `barang_keluar`
--

CREATE TABLE `barang_keluar` (
  `id_barang_keluar` char(16) NOT NULL,
  `user_id` int(11) NOT NULL,
  `barang_id` char(7) NOT NULL,
  `jumlah_keluar` int(11) NOT NULL,
  `tanggal_keluar` date NOT NULL
) ENGINE=InnoDB DEFAULT CHARSET=utf8;

--
-- Dumping data for table `barang_keluar`
--

INSERT INTO `barang_keluar` (`id_barang_keluar`, `user_id`, `barang_id`, `jumlah_keluar`, `tanggal_keluar`) VALUES
('T-BK-19082000001', 1, 'B000003', 35, '2019-08-20'),
('T-BK-19082000002', 1, 'B000002', 10, '2019-08-20'),
('T-BK-19092000003', 1, 'B000001', 5, '2019-09-20'),
('T-BK-19092000004', 1, 'B000003', 150, '2019-09-20'),
('T-BK-19092000005', 1, 'B000004', 10, '2019-09-20'),
('T-BK-19092200006', 1, 'B000003', 100, '2019-09-22');

--
-- Triggers `barang_keluar`
--
DELIMITER $$
CREATE TRIGGER `update_stok_keluar` BEFORE INSERT ON `barang_keluar` FOR EACH ROW UPDATE `barang` SET `barang`.`stok` = `barang`.`stok` - NEW.jumlah_keluar WHERE `barang`.`id_barang` = NEW.barang_id
$$
DELIMITER ;

-- --------------------------------------------------------

--
-- Table structure for table `barang_masuk`
--

CREATE TABLE `barang_masuk` (
  `id_barang_masuk` char(16) NOT NULL,
  `supplier_id` int(11) NOT NULL,
  `user_id` int(11) NOT NULL,
  `barang_id` char(7) NOT NULL,
  `jumlah_masuk` int(11) NOT NULL,
  `tanggal_masuk` date NOT NULL
) ENGINE=InnoDB DEFAULT CHARSET=utf8;

--
-- Dumping data for table `barang_masuk`
--

INSERT INTO `barang_masuk` (`id_barang_masuk`, `supplier_id`, `user_id`, `barang_id`, `jumlah_masuk`, `tanggal_masuk`) VALUES
('T-BM-19082000001', 2, 1, 'B000003', 800, '2019-08-20'),
('T-BM-19082000002', 3, 1, 'B000001', 20, '2019-08-20'),
('T-BM-19082000003', 3, 1, 'B000002', 10, '2019-08-20'),
('T-BM-19082000004', 1, 1, 'B000004', 15, '2019-08-20'),
('T-BM-19092000005', 3, 1, 'B000002', 40, '2019-09-20'),
('T-BM-19092000006', 2, 1, 'B000003', 50, '2019-09-20'),
('T-BM-19092200007', 3, 1, 'B000004', 15, '2019-09-22'),
('T-BM-19092200008', 1, 1, 'B000003', 135, '2019-09-22');

--
-- Triggers `barang_masuk`
--
DELIMITER $$
CREATE TRIGGER `update_stok_masuk` BEFORE INSERT ON `barang_masuk` FOR EACH ROW UPDATE `barang` SET `barang`.`stok` = `barang`.`stok` + NEW.jumlah_masuk WHERE `barang`.`id_barang` = NEW.barang_id
$$
DELIMITER ;

-- --------------------------------------------------------

--
-- Table structure for table `jenis`
--

CREATE TABLE `jenis` (
  `id_jenis` int(11) NOT NULL,
  `nama_jenis` varchar(20) NOT NULL
) ENGINE=InnoDB DEFAULT CHARSET=utf8;

--
-- Dumping data for table `jenis`
--

INSERT INTO `jenis` (`id_jenis`, `nama_jenis`) VALUES
(1, 'Snack'),
(2, 'Minuman'),
(3, 'Laptop'),
(4, 'Handphone'),
(5, 'Sepeda Motor'),
(6, 'Mobil'),
(7, 'Perangkat Komputer');

-- --------------------------------------------------------

--
-- Table structure for table `satuan`
--

CREATE TABLE `satuan` (
  `id_satuan` int(11) NOT NULL,
  `nama_satuan` varchar(15) NOT NULL
) ENGINE=InnoDB DEFAULT CHARSET=utf8;

--
-- Dumping data for table `satuan`
--

INSERT INTO `satuan` (`id_satuan`, `nama_satuan`) VALUES
(1, 'Unit'),
(2, 'Pack'),
(3, 'Botol');

-- --------------------------------------------------------

--
-- Table structure for table `supplier`
--

CREATE TABLE `supplier` (
  `id_supplier` int(11) NOT NULL,
  `nama_supplier` varchar(50) NOT NULL,
  `no_telp` varchar(15) NOT NULL,
  `alamat` text NOT NULL
) ENGINE=InnoDB DEFAULT CHARSET=utf8;

--
-- Dumping data for table `supplier`
--

INSERT INTO `supplier` (`id_supplier`, `nama_supplier`, `no_telp`, `alamat`) VALUES
(1, 'Ahmad Hasanudin', '085688772971', 'Kec. Cigudeg, Bogor - Jawa Barat'),
(2, 'Asep Salahudin', '081341879246', 'Kec. Ciampea, Bogor - Jawa Barat'),
(3, 'Filo Lial', '087728164328', 'Kec. Ciomas, Bogor - Jawa Barat');

-- --------------------------------------------------------

--
-- Table structure for table `user`
--

CREATE TABLE `user` (
  `id_user` int(11) NOT NULL,
  `nama` varchar(50) NOT NULL,
  `username` varchar(50) NOT NULL,
  `email` varchar(100) NOT NULL,
  `no_telp` varchar(15) NOT NULL,
  `role` enum('gudang','admin') NOT NULL,
  `password` varchar(255) NOT NULL,
  `created_at` int(11) NOT NULL,
  `foto` text NOT NULL,
  `is_active` tinyint(1) NOT NULL
) ENGINE=InnoDB DEFAULT CHARSET=utf8;

--
-- Dumping data for table `user`
--

INSERT INTO `user` (`id_user`, `nama`, `username`, `email`, `no_telp`, `role`, `password`, `created_at`, `foto`, `is_active`) VALUES
(1, 'Adminisitrator', 'admin', 'admin@admin.com', '025123456789', 'admin', '$2y$10$wMgi9s3FEDEPEU6dEmbp8eAAEBUXIXUy3np3ND2Oih.MOY.q/Kpoy', 1568689561, 'd5f22535b639d55be7d099a7315e1f7f.png', 1),
(7, 'Arfan ID', 'arfandotid', 'arfandotid@gmail.com', '081221528805', 'gudang', '$2y$10$5es8WhFQj8xCmrhDtH86Fu71j97og9f8aR4T22soa7716kAusmaeK', 1568691611, 'user.png', 1),
(8, 'Muhammad Ghifari Arfananda', 'mghifariarfan', 'mghifariarfan@gmail.com', '085697442673', 'gudang', '$2y$10$5SGUIbRyEXH7JslhtEegEOpp6cvxtK6X.qdiQ1eZR7nd0RZjjx3qe', 1568691629, 'user.png', 1),
(13, 'Arfan Kashilukato', 'arfankashilukato', 'arfankashilukato@gmail.com', '081623123181', 'gudang', '$2y$10$/QpTunAD9alBV5NSRJ7ytupS2ibUrbmS3ia3u5B26H6f3mCjOD92W', 1569192547, 'user.png', 1);

--
-- Indexes for dumped tables
--

--
-- Indexes for table `barang`
--
ALTER TABLE `barang`
  ADD PRIMARY KEY (`id_barang`),
  ADD KEY `satuan_id` (`satuan_id`),
  ADD KEY `kategori_id` (`jenis_id`);

--
-- Indexes for table `barang_keluar`
--
ALTER TABLE `barang_keluar`
  ADD PRIMARY KEY (`id_barang_keluar`),
  ADD KEY `id_user` (`user_id`),
  ADD KEY `barang_id` (`barang_id`);

--
-- Indexes for table `barang_masuk`
--
ALTER TABLE `barang_masuk`
  ADD PRIMARY KEY (`id_barang_masuk`),
  ADD KEY `id_user` (`user_id`),
  ADD KEY `supplier_id` (`supplier_id`),
  ADD KEY `barang_id` (`barang_id`);

--
-- Indexes for table `jenis`
--
ALTER TABLE `jenis`
  ADD PRIMARY KEY (`id_jenis`);

--
-- Indexes for table `satuan`
--
ALTER TABLE `satuan`
  ADD PRIMARY KEY (`id_satuan`);

--
-- Indexes for table `supplier`
--
ALTER TABLE `supplier`
  ADD PRIMARY KEY (`id_supplier`);

--
-- Indexes for table `user`
--
ALTER TABLE `user`
  ADD PRIMARY KEY (`id_user`);

--
-- AUTO_INCREMENT for dumped tables
--

--
-- AUTO_INCREMENT for table `jenis`
--
ALTER TABLE `jenis`
  MODIFY `id_jenis` int(11) NOT NULL AUTO_INCREMENT, AUTO_INCREMENT=8;

--
-- AUTO_INCREMENT for table `satuan`
--
ALTER TABLE `satuan`
  MODIFY `id_satuan` int(11) NOT NULL AUTO_INCREMENT, AUTO_INCREMENT=5;

--
-- AUTO_INCREMENT for table `supplier`
--
ALTER TABLE `supplier`
  MODIFY `id_supplier` int(11) NOT NULL AUTO_INCREMENT, AUTO_INCREMENT=4;

--
-- AUTO_INCREMENT for table `user`
--
ALTER TABLE `user`
  MODIFY `id_user` int(11) NOT NULL AUTO_INCREMENT, AUTO_INCREMENT=14;

--
-- Constraints for dumped tables
--

--
-- Constraints for table `barang`
--
ALTER TABLE `barang`
  ADD CONSTRAINT `barang_ibfk_1` FOREIGN KEY (`satuan_id`) REFERENCES `satuan` (`id_satuan`) ON DELETE CASCADE ON UPDATE CASCADE,
  ADD CONSTRAINT `barang_ibfk_2` FOREIGN KEY (`jenis_id`) REFERENCES `jenis` (`id_jenis`) ON DELETE CASCADE ON UPDATE CASCADE;

--
-- Constraints for table `barang_keluar`
--
ALTER TABLE `barang_keluar`
  ADD CONSTRAINT `barang_keluar_ibfk_1` FOREIGN KEY (`user_id`) REFERENCES `user` (`id_user`) ON DELETE CASCADE ON UPDATE CASCADE,
  ADD CONSTRAINT `barang_keluar_ibfk_2` FOREIGN KEY (`barang_id`) REFERENCES `barang` (`id_barang`) ON DELETE CASCADE ON UPDATE CASCADE;

--
-- Constraints for table `barang_masuk`
--
ALTER TABLE `barang_masuk`
  ADD CONSTRAINT `barang_masuk_ibfk_1` FOREIGN KEY (`user_id`) REFERENCES `user` (`id_user`) ON DELETE CASCADE ON UPDATE CASCADE,
  ADD CONSTRAINT `barang_masuk_ibfk_2` FOREIGN KEY (`supplier_id`) REFERENCES `supplier` (`id_supplier`) ON DELETE CASCADE ON UPDATE CASCADE,
  ADD CONSTRAINT `barang_masuk_ibfk_3` FOREIGN KEY (`barang_id`) REFERENCES `barang` (`id_barang`) ON DELETE CASCADE ON UPDATE CASCADE;
COMMIT;

/*!40101 SET CHARACTER_SET_CLIENT=@OLD_CHARACTER_SET_CLIENT */;
/*!40101 SET CHARACTER_SET_RESULTS=@OLD_CHARACTER_SET_RESULTS */;
/*!40101 SET COLLATION_CONNECTION=@OLD_COLLATION_CONNECTION */;
